filename,category,type,gender,Paid
american-adult-1.png,Realistic,Adult,Female,
american-adult-2.png,Realistic,Adult,Female,
american-adult-3.png,Realistic,Adult,Female,
american-adult-4.png,Realistic,Adult,Male,
american-adult-5.png,Realistic,Adult,Male,Y
american-adult-6.png,Realistic,Adult,Male,Y
american-adult-7.png,Realistic,Adult,Male,Y
american-adult-8.png,Realistic,Adult,Male,Y
american-adult-9.png,Realistic,Adult,Male,Y
american-adult-10.png,Realistic,Adult,Male,Y
american-adult-11.png,Realistic,Adult,Male,Y
american-adult-12.png,Realistic,Adult,Male,Y
american-adult-13.png,Realistic,Adult,Male,Y
american-adult-14.png,Realistic,Adult,Male,Y
american-adult-15.png,Realistic,Adult,Male,Y
american-adult-16.png,Realistic,Adult,Female,Y
american-adult-17.png,Realistic,Adult,Female,Y
american-adult-18.png,Realistic,Adult,Female,Y
american-adult-19.png,Realistic,Adult,Female,Y
american-adult-20.png,Realistic,Adult,Female,Y
american-adult-21.png,Realistic,Adult,Female,Y
american-adult-22.png,Realistic,Adult,Female,Y
american-adult-23.png,Realistic,Adult,Female,Y
american-adult-24.png,Realistic,Adult,Male,Y
american-children-1.png,Realistic,Children,Male,
american-children-2.png,Realistic,Children,Male,
american-children-3.png,Realistic,Children,Male,
american-children-4.png,Realistic,Children,Male,
american-children-5.png,Realistic,Children,Female,Y
american-children-6.png,Realistic,Children,Male,Y
american-children-7.png,Realistic,Children,Male,Y
american-children-8.png,Realistic,Children,Female,Y
american-children-9.png,Realistic,Children,Female,Y
american-children-10.png,Realistic,Children,Female,Y
american-children-11.png,Realistic,Children,Male,Y
american-children-12.png,Realistic,Children,Male,Y
american-children-13.png,Realistic,Children,Male,Y
american-children-14.png,Realistic,Children,Male,Y
american-children-15.png,Realistic,Children,Female,Y
american-children-16.png,Realistic,Children,Male,Y
american-children-17.png,Realistic,Children,Male,Y
american-children-18.png,Realistic,Children,Male,Y
american-senior-1.png,Realistic,Senior,Male,
american-senior-2.png,Realistic,Senior,Male,
american-senior-3.png,Realistic,Senior,Male,
american-senior-4.png,Realistic,Senior,Female,
american-senior-5.png,Realistic,Senior,Female,Y
american-senior-6.png,Realistic,Senior,Female,Y
american-senior-7.png,Realistic,Senior,Male,Y
american-senior-8.png,Realistic,Senior,Female,Y
american-senior-9.png,Realistic,Senior,Female,Y
american-senior-10.png,Realistic,Senior,Female,Y
american-senior-11.png,Realistic,Senior,Female,Y
american-senior-12.png,Realistic,Senior,Female,Y
american-senior-13.png,Realistic,Senior,Female,Y
american-senior-14.png,Realistic,Senior,Female,Y
american-senior-15.png,Realistic,Senior,Female,Y
american-senior-16.png,Realistic,Senior,Female,Y
american-senior-17.png,Realistic,Senior,Female,Y
american-senior-18.png,Realistic,Senior,Female,Y
graphic-3d-1.png,Graphic,3D Cartoon,Male,
graphic-3d-2.png,Graphic,3D Cartoon,Male,
graphic-3d-3.png,Graphic,3D Cartoon,Female,
graphic-3d-4.png,Graphic,3D Cartoon,Female,
graphic-3d-5.png,Graphic,3D Cartoon,Male,Y
graphic-3d-6.png,Graphic,3D Cartoon,Female,Y
graphic-3d-7.png,Graphic,3D Cartoon,Male,Y
graphic-3d-8.png,Graphic,3D Cartoon,Male,Y
graphic-3d-9.png,Graphic,3D Cartoon,Female,Y
graphic-3d-10.png,Graphic,3D Cartoon,Male,Y
graphic-3d-11.png,Graphic,3D Cartoon,Male,Y
graphic-3d-12.png,Graphic,3D Cartoon,Female,Y
graphic-3d-13.png,Graphic,3D Cartoon,Male,Y
graphic-3d-14.png,Graphic,3D Cartoon,Male,Y
graphic-3d-15.png,Graphic,3D Cartoon,Male,Y
graphic-3d-16.png,Graphic,3D Cartoon,Female,Y
graphic-3d-17.png,Graphic,3D Cartoon,Female,Y
graphic-3d-18.png,Graphic,3D Cartoon,Male,Y
graphic-artwork-1.png,Graphic,Artwork,Male,
graphic-artwork-2.png,Graphic,Artwork,Female,
graphic-artwork-3.png,Graphic,Artwork,Female,
graphic-artwork-4.png,Graphic,Artwork,Male,
graphic-artwork-5.png,Graphic,Artwork,Female,Y
graphic-artwork-6.png,Graphic,Artwork,Male,Y
graphic-artwork-7.png,Graphic,Artwork,Female,Y
graphic-artwork-8.png,Graphic,Artwork,Female,Y
graphic-artwork-9.png,Graphic,Artwork,Male,Y
graphic-artwork-10.png,Graphic,Artwork,Female,Y
graphic-artwork-11.png,Graphic,Artwork,Male,Y
graphic-artwork-12.png,Graphic,Artwork,Male,Y
graphic-emoji-1.png,Graphic,Emoji,Female,
graphic-emoji-2.png,Graphic,Emoji,Male,
graphic-emoji-3.png,Graphic,Emoji,Male,
graphic-emoji-4.png,Graphic,Emoji,Male,
graphic-emoji-5.png,Graphic,Emoji,Male,Y
graphic-emoji-6.png,Graphic,Emoji,Female,Y
graphic-emoji-7.png,Graphic,Emoji,Female,Y
graphic-emoji-8.png,Graphic,Emoji,Female,Y
graphic-emoji-9.png,Graphic,Emoji,Male,Y
graphic-emoji-10.png,Graphic,Emoji,Male,Y
graphic-emoji-11.png,Graphic,Emoji,Female,Y
graphic-emoji-12.png,Graphic,Emoji,Female,Y
graphic-line-1.png,Graphic,Line,Male,
graphic-line-2.png,Graphic,Line,Female,
graphic-line-3.png,Graphic,Line,Male,
graphic-line-4.png,Graphic,Line,Male,
graphic-line-5.png,Graphic,Line,Male,Y
graphic-line-6.png,Graphic,Line,Female,Y
graphic-line-7.png,Graphic,Line,Male,Y
graphic-line-8.png,Graphic,Line,Female,Y
graphic-line-9.png,Graphic,Line,Male,Y
graphic-line-10.png,Graphic,Line,Female,Y
graphic-line-11.png,Graphic,Line,Female,Y
graphic-line-12.png,Graphic,Line,Male,Y
graphic-pixelart-1.png,Graphic,Pixel art,Male,
graphic-pixelart-2.png,Graphic,Pixel art,Male,
graphic-pixelart-3.png,Graphic,Pixel art,Male,
graphic-pixelart-4.png,Graphic,Pixel art,Female,
graphic-pixelart-5.png,Graphic,Pixel art,Female,Y
graphic-pixelart-6.png,Graphic,Pixel art,Female,Y
graphic-pixelart-7.png,Graphic,Pixel art,Female,Y
graphic-pixelart-8.png,Graphic,Pixel art,Male,Y
graphic-pixelart-9.png,Graphic,Pixel art,Female,Y
graphic-pixelart-10.png,Graphic,Pixel art,Male,Y
graphic-pixelart-11.png,Graphic,Pixel art,Male,Y
graphic-pixelart-12.png,Graphic,Pixel art,Male,Y
korean-adult-1.png,Realistic,Adult,Male,
korean-adult-2.png,Realistic,Adult,Male,
korean-adult-3.png,Realistic,Adult,Male,
korean-adult-4.png,Realistic,Adult,Female,
korean-adult-5.png,Realistic,Adult,Female,Y
korean-adult-6.png,Realistic,Adult,Female,Y
korean-adult-7.png,Realistic,Adult,Female,Y
korean-adult-8.png,Realistic,Adult,Male,Y
korean-adult-9.png,Realistic,Adult,Female,Y
korean-adult-10.png,Realistic,Adult,Female,Y
korean-adult-11.png,Realistic,Adult,Female,Y
korean-adult-12.png,Realistic,Adult,Male,Y
korean-adult-13.png,Realistic,Adult,Female,Y
korean-adult-14.png,Realistic,Adult,Female,Y
korean-adult-15.png,Realistic,Adult,Female,Y
korean-adult-16.png,Realistic,Adult,Female,Y
korean-adult-17.png,Realistic,Adult,Male,Y
korean-adult-18.png,Realistic,Adult,Female,Y
korean-child-1.png,Realistic,Children,Male,
korean-child-2.png,Realistic,Children,Female,
korean-child-3.png,Realistic,Children,Female,
korean-child-4.png,Realistic,Children,Female,
korean-child-5.png,Realistic,Children,Female,Y
korean-child-6.png,Realistic,Children,Female,Y
korean-child-7.png,Realistic,Children,Male,Y
korean-child-8.png,Realistic,Children,Female,Y
korean-child-9.png,Realistic,Children,Male,Y
korean-child-10.png,Realistic,Children,Male,Y
korean-child-11.png,Realistic,Children,Female,Y
korean-child-12.png,Realistic,Children,Male,Y
korean-child-13.png,Realistic,Children,Female,Y
korean-child-14.png,Realistic,Children,Female,Y
korean-child-15.png,Realistic,Children,Male,Y
korean-child-16.png,Realistic,Children,Female,Y
korean-child-17.png,Realistic,Children,Female,Y
korean-child-18.png,Realistic,Children,Female,Y
korean-senior-1.png,Realistic,Senior,Male,
korean-senior-2.png,Realistic,Senior,Female,
korean-senior-3.png,Realistic,Senior,Male,
korean-senior-4.png,Realistic,Senior,Female,
korean-senior-5.png,Realistic,Senior,Female,Y
korean-senior-6.png,Realistic,Senior,Female,Y
korean-senior-7.png,Realistic,Senior,Female,Y
korean-senior-8.png,Realistic,Senior,Female,Y
korean-senior-9.png,Realistic,Senior,Female,Y
korean-senior-10.png,Realistic,Senior,Female,Y
korean-senior-11.png,Realistic,Senior,Male,Y
korean-senior-12.png,Realistic,Senior,Male,Y
korean-senior-13.png,Realistic,Senior,Male,Y
korean-senior-14.png,Realistic,Senior,Male,Y
korean-senior-15.png,Realistic,Senior,Male,Y
korean-senior-16.png,Realistic,Senior,Male,Y
korean-senior-17.png,Realistic,Senior,Male,Y
korean-senior-18.png,Realistic,Senior,Male,Y
korean-senior-19.png,Realistic,Senior,Female,Y
korean-senior-20.png,Realistic,Senior,Female,Y
korean-senior-21.png,Realistic,Senior,Male,Y
korean-senior-22.png,Realistic,Senior,Female,Y
korean-senior-23.png,Realistic,Senior,Male,Y
korean-senior-24.png,Realistic,Senior,Female,Y
korean-teens-1.png,Realistic,Teens,Male,
korean-teens-2.png,Realistic,Teens,Male,
korean-teens-3.png,Realistic,Teens,Male,
korean-teens-4.png,Realistic,Teens,Male,
korean-teens-5.png,Realistic,Teens,Male,Y
korean-teens-6.png,Realistic,Teens,Male,Y
korean-teens-7.png,Realistic,Teens,Male,Y
korean-teens-8.png,Realistic,Teens,Female,Y
korean-teens-9.png,Realistic,Teens,Female,Y
korean-teens-10.png,Realistic,Teens,Female,Y
korean-teens-11.png,Realistic,Teens,Female,Y
korean-teens-12.png,Realistic,Teens,Male,Y
korean-teens-13.png,Realistic,Teens,Male,Y
korean-teens-14.png,Realistic,Teens,Male,Y
korean-teens-15.png,Realistic,Teens,Female,Y
korean-teens-16.png,Realistic,Teens,Female,Y
korean-teens-17.png,Realistic,Teens,Female,Y
korean-teens-18.png,Realistic,Teens,Female,Y